Human:	okay well but the books like  there are many eh facts in the book which are against the law of physics like the piece of cake which is which makes eh Alice bigger or smaller i don't remember but which
Agent:	indeed
Human:	yeah eh does the piece of cake makes Alice bigger or smaller ?
Agent:	the piece of cake grows Alice
Human:	grows Alice okay and what makes her smaller ?
Agent:	sorry could you repeat that ?
Human:	what makes eh Alice smaller ?
Agent:	throughout the book there are many making her smaller
Human:	i'm sorry i didn't understand
Agent:	throughout the book there are many passages where Alice shrinks
